Tid,Supply-demand relationship
18,balance
19,balance
20,balance
21,balance
143,balance
144,surplus
145,balance
146,balance
147,balance
148,balance
268,balance
269,balance
270,balance
271,balance
272,balance
273,balance
377,balance
378,balance
379,balance
393,balance
394,balance
395,balance
396,balance
397,balance
398,balance
399,balance
470,deficit
471,deficit
474,balance
501,balance
502,balance
503,balance
504,balance
505,balance
518,balance
519,balance
520,balance
521,balance
522,balance
523,balance
524,balance
525,balance
594,deficit
595,deficit
596,deficit
597,deficit
598,deficit
599,balance
600,balance
626,balance
627,balance
628,balance
629,balance
630,balance
645,balance
646,balance
647,balance
648,balance
649,balance
650,balance
651,balance
717,balance
718,balance
719,deficit
720,deficit
721,deficit
722,deficit
723,balance
724,balance
725,balance
726,balance
751,balance
752,balance
753,balance
754,balance
755,balance
756,balance
770,balance
771,balance
772,balance
773,balance
774,balance
775,balance
787,balance
788,balance
790,balance
791,balance
792,balance
793,balance
794,balance
795,balance
796,balance
840,balance
841,balance
842,balance
843,balance
844,balance
845,deficit
846,deficit
847,balance
848,balance
849,balance
850,balance
851,balance
852,balance
876,balance
877,balance
878,balance
879,balance
880,balance
881,balance
882,balance
884,balance
885,balance
894,balance
895,balance
896,balance
897,balance
898,balance
899,balance
900,balance
901,balance
902,balance
912,balance
913,balance
914,balance
915,balance
916,balance
917,balance
918,balance
919,balance
920,balance
921,balance
922,balance
962,balance
963,balance
964,balance
965,balance
966,balance
967,balance
968,balance
969,balance
970,balance
971,balance
972,balance
973,balance
974,balance
975,balance
976,balance
977,balance
978,balance
1001,balance
1002,balance
1003,balance
1004,balance
1005,balance
1006,balance
1007,balance
1008,balance
1009,balance
1010,balance
1011,balance
1018,balance
1019,balance
1020,balance
1021,balance
1022,balance
1023,balance
1024,balance
1025,balance
1026,balance
1027,balance
1028,balance
1029,balance
1030,balance
1031,balance
1034,balance
1035,balance
1037,balance
1038,balance
1039,balance
1040,balance
1041,balance
1042,balance
1043,balance
1044,balance
1045,balance
1046,balance
1047,balance
1048,balance
1087,balance
1088,balance
1089,balance
1090,balance
1091,balance
1092,balance
1093,balance
1094,balance
1095,balance
1096,balance
1097,balance
1098,balance
1099,balance
1100,balance
1101,balance
1102,balance
1103,balance
1125,balance
1126,balance
1127,balance
1128,balance
1129,balance
1130,balance
1131,balance
1132,balance
1133,balance
1134,balance
1135,balance
1136,balance
1137,balance
1142,balance
1143,balance
1144,balance
1145,balance
1146,balance
1147,balance
1148,balance
1149,balance
1150,balance
1151,balance
1152,balance
1153,balance
1154,balance
1155,balance
1156,balance
1158,balance
1159,balance
1160,balance
1162,balance
1163,balance
1164,balance
1165,balance
1166,balance
1167,balance
1168,balance
1169,balance
1170,balance
1171,balance
1172,balance
1173,balance
1174,balance
1175,balance
1176,balance
1211,balance
1212,balance
1213,balance
1214,balance
1215,balance
1216,balance
1217,balance
1218,balance
1219,balance
1220,balance
1221,balance
1222,balance
1223,balance
1224,balance
1225,balance
1226,balance
1227,balance
1228,balance
1229,deficit
1250,balance
1251,balance
1252,balance
1253,balance
1254,balance
1255,balance
1256,balance
1257,balance
1258,balance
1259,balance
1260,balance
1261,balance
1262,balance
1263,balance
1264,balance
1265,balance
1266,balance
1267,balance
1268,balance
1269,balance
1270,balance
1271,balance
1272,balance
1273,balance
1274,balance
1275,balance
1276,balance
1277,balance
1278,balance
1279,balance
1280,balance
1281,balance
1282,balance
1283,balance
1284,balance
1285,balance
1286,balance
1287,balance
1288,balance
1289,balance
1290,balance
1291,balance
1292,balance
1293,balance
1294,balance
1295,balance
1296,balance
1297,balance
1298,balance
1299,balance
1300,balance
1301,balance
1302,balance
1336,balance
1337,balance
1338,balance
1339,balance
1340,balance
1341,balance
1342,balance
1343,balance
1344,balance
1345,balance
1346,balance
1347,balance
1348,balance
1349,balance
1350,balance
1351,balance
1352,balance
1353,balance
1354,deficit
1355,deficit
1358,deficit
1359,deficit
1360,deficit
1375,balance
1376,balance
1377,balance
1378,balance
1379,balance
1380,balance
1381,balance
1382,balance
1383,balance
1384,balance
1385,balance
1386,balance
1387,balance
1388,balance
1389,balance
1390,balance
1391,balance
1392,balance
1393,balance
1394,balance
1395,balance
1396,balance
1397,balance
1398,balance
1399,balance
1400,balance
1401,balance
1402,balance
1403,balance
1404,balance
1405,balance
1406,balance
1407,balance
1408,balance
1409,balance
1410,balance
1411,balance
1412,balance
1413,balance
1414,balance
1415,balance
1416,balance
1417,balance
1418,balance
1419,balance
1420,balance
1421,balance
1422,balance
1423,balance
1424,balance
1425,balance
1426,balance
1427,balance
1461,balance
1462,balance
1463,balance
1464,balance
1465,balance
1466,balance
1467,balance
1468,balance
1469,balance
1470,balance
1471,balance
1472,balance
1473,balance
1474,balance
1475,balance
1476,balance
1477,balance
1478,balance
1479,deficit
1480,deficit
1483,deficit
1484,deficit
1485,deficit
1486,deficit
1487,balance
1488,balance
1489,deficit
1490,deficit
1500,balance
1501,balance
1502,balance
1503,balance
1504,balance
1505,balance
1506,balance
1507,surplus
1508,balance
1509,balance
1510,balance
1511,balance
1512,balance
1513,balance
1514,balance
1515,balance
1516,balance
1517,balance
1518,balance
1519,balance
1520,balance
1521,balance
1522,balance
1523,balance
1524,balance
1525,balance
1526,balance
1527,balance
1528,balance
1529,balance
1530,balance
1531,balance
1532,balance
1533,balance
1534,balance
1535,balance
1536,balance
1537,balance
1538,balance
1539,balance
1540,balance
1541,balance
1542,balance
1543,balance
1544,balance
1545,balance
1546,balance
1547,balance
1548,balance
1549,balance
1550,balance
1551,balance
1552,balance
1586,balance
1587,balance
1588,balance
1589,balance
1590,balance
1591,balance
1592,balance
1593,balance
1594,balance
1595,balance
1596,balance
1597,balance
1598,balance
1599,balance
1600,balance
1601,balance
1602,balance
1603,balance
1604,deficit
1605,deficit
1606,deficit
1607,deficit
1608,balance
1609,deficit
1610,surplus
1611,deficit
1612,balance
1613,deficit
1614,deficit
1615,deficit
1616,deficit
1617,balance
1625,balance
1626,balance
1627,balance
1628,balance
1629,balance
1630,balance
1631,balance
1632,balance
1633,surplus
1634,balance
1635,balance
1636,balance
1637,balance
1638,balance
1639,balance
1640,balance
1641,balance
1642,balance
1643,balance
1644,balance
1645,balance
1646,balance
1647,balance
1648,balance
1649,balance
1650,balance
1651,balance
1652,balance
1653,balance
1654,balance
1655,balance
1656,balance
1657,balance
1658,balance
1659,balance
1660,balance
1661,balance
1663,balance
1664,balance
1665,balance
1666,balance
1667,balance
1668,balance
1669,balance
1670,balance
1671,balance
1672,balance
1673,balance
1674,balance
1675,balance
1676,balance
1677,balance
1710,balance
1711,balance
1712,balance
1713,balance
1714,balance
1715,balance
1716,balance
1717,balance
1718,balance
1719,balance
1720,balance
1721,balance
1722,balance
1723,balance
1724,balance
1725,balance
1726,balance
1727,balance
1728,balance
1729,deficit
1730,deficit
1731,deficit
1732,surplus
1733,deficit
1734,balance
1735,deficit
1736,deficit
1737,surplus
1738,balance
1739,surplus
1740,deficit
1741,surplus
1742,balance
1750,balance
1751,balance
1752,balance
1753,balance
1754,balance
1755,balance
1756,balance
1757,balance
1758,balance
1759,balance
1760,balance
1761,balance
1762,balance
1763,balance
1764,balance
1765,balance
1766,balance
1767,balance
1768,balance
1769,balance
1770,balance
1771,balance
1772,balance
1773,balance
1774,balance
1775,balance
1776,balance
1777,balance
1778,balance
1779,balance
1780,balance
1781,balance
1782,balance
1783,balance
1784,balance
1785,balance
1786,balance
1787,balance
1788,balance
1789,balance
1790,balance
1791,balance
1792,balance
1793,balance
1794,balance
1795,balance
1796,balance
1797,balance
1798,balance
1799,balance
1800,balance
1801,balance
1802,balance
1835,balance
1836,balance
1837,balance
1838,balance
1839,balance
1840,balance
1841,balance
1842,balance
1843,balance
1844,balance
1845,balance
1846,balance
1847,balance
1848,balance
1849,balance
1850,balance
1851,balance
1852,balance
1853,balance
1854,deficit
1855,surplus
1856,deficit
1857,deficit
1858,surplus
1859,balance
1860,deficit
1861,surplus
1862,balance
1863,balance
1864,balance
1865,balance
1866,balance
1867,balance
1868,balance
1869,balance
1875,balance
1876,balance
1877,balance
1878,balance
1879,balance
1880,balance
1881,balance
1882,balance
1883,balance
1884,balance
1885,balance
1886,balance
1887,balance
1888,balance
1889,balance
1890,balance
1891,balance
1892,balance
1893,balance
1894,balance
1895,balance
1896,balance
1897,balance
1898,balance
1899,balance
1900,balance
1901,balance
1902,balance
1903,balance
1904,balance
1905,balance
1906,balance
1907,balance
1908,balance
1909,balance
1910,balance
1911,balance
1912,balance
1913,balance
1914,balance
1915,balance
1916,balance
1917,balance
1918,balance
1919,balance
1920,balance
1921,balance
1922,balance
1923,balance
1924,balance
1925,balance
1926,balance
1927,balance
1928,balance
1960,balance
1961,balance
1962,balance
1963,balance
1964,balance
1965,balance
1966,balance
1967,balance
1968,balance
1969,balance
1970,balance
1971,balance
1972,balance
1973,balance
1974,balance
1975,balance
1976,balance
1977,balance
1978,balance
1979,balance
1980,balance
1981,deficit
1982,deficit
1983,deficit
1984,balance
1985,deficit
1986,deficit
1987,deficit
1988,surplus
1989,balance
1990,balance
1991,balance
1992,balance
1993,balance
1994,balance
1995,balance
2000,balance
2001,balance
2002,balance
2003,balance
2004,balance
2005,balance
2006,balance
2007,balance
2008,balance
2009,balance
2010,balance
2011,balance
2012,balance
2013,balance
2014,balance
2015,balance
2016,balance
2017,balance
2018,balance
2019,balance
2020,balance
2021,balance
2022,balance
2023,balance
2024,balance
2025,balance
2026,balance
2027,balance
2028,balance
2029,balance
2030,balance
2031,balance
2032,balance
2033,balance
2034,balance
2035,balance
2036,balance
2037,balance
2038,balance
2039,balance
2040,balance
2041,balance
2042,balance
2043,balance
2044,balance
2045,balance
2046,balance
2047,balance
2048,balance
2049,balance
2050,balance
2051,balance
2052,balance
2053,balance
2085,balance
2086,balance
2087,balance
2088,balance
2089,balance
2090,balance
2091,balance
2092,balance
2093,balance
2094,balance
2095,balance
2096,balance
2097,balance
2098,balance
2099,balance
2100,balance
2101,balance
2102,balance
2103,balance
2104,balance
2105,surplus
2106,balance
2107,balance
2108,deficit
2109,surplus
2110,surplus
2111,surplus
2112,surplus
2113,balance
2114,balance
2115,surplus
2116,balance
2117,balance
2118,balance
2119,balance
2120,balance
2121,balance
2128,balance
2129,balance
2130,balance
2131,balance
2132,balance
2133,balance
2134,balance
2135,balance
2136,balance
2137,balance
2138,balance
2139,balance
2140,balance
2141,balance
2142,balance
2143,balance
2144,balance
2145,balance
2146,balance
2147,balance
2148,surplus
2149,balance
2150,balance
2151,balance
2152,balance
2153,balance
2154,balance
2155,balance
2156,balance
2157,balance
2158,balance
2159,balance
2160,balance
2161,balance
2162,balance
2163,balance
2164,balance
2165,balance
2166,balance
2167,balance
2168,balance
2169,balance
2170,balance
2171,balance
2172,balance
2173,balance
2174,balance
2175,balance
2176,balance
2177,balance
2178,balance
2209,balance
2210,balance
2211,balance
2212,balance
2213,balance
2214,balance
2215,balance
2216,balance
2217,balance
2218,balance
2219,balance
2220,balance
2221,surplus
2222,balance
2223,balance
2224,balance
2225,balance
2226,balance
2227,balance
2228,balance
2229,balance
2230,balance
2231,balance
2232,surplus
2233,balance
2234,surplus
2235,deficit
2236,deficit
2237,deficit
2238,balance
2239,balance
2240,balance
2241,balance
2242,balance
2243,balance
2244,balance
2245,balance
2246,balance
2255,balance
2256,balance
2257,balance
2258,balance
2259,balance
2260,balance
2261,balance
2262,balance
2263,balance
2264,balance
2265,balance
2266,balance
2267,balance
2268,balance
2269,balance
2270,balance
2271,balance
2272,balance
2273,balance
2274,balance
2275,balance
2276,balance
2277,balance
2278,balance
2279,balance
2280,balance
2281,balance
2282,balance
2283,surplus
2284,balance
2285,balance
2286,balance
2287,balance
2288,balance
2289,balance
2290,balance
2291,balance
2292,balance
2293,balance
2294,balance
2295,balance
2296,balance
2297,balance
2298,balance
2299,balance
2300,balance
2301,balance
2302,balance
2303,balance
2333,balance
2334,balance
2335,balance
2336,balance
2337,balance
2338,balance
2339,balance
2340,balance
2341,balance
2342,balance
2343,balance
2344,balance
2345,balance
2346,balance
2347,balance
2348,balance
2349,balance
2350,balance
2351,balance
2352,balance
2353,balance
2354,balance
2355,balance
2356,surplus
2357,balance
2358,balance
2359,balance
2360,balance
2361,deficit
2362,deficit
2363,balance
2364,balance
2365,balance
2366,balance
2367,balance
2368,balance
2369,balance
2370,balance
2371,balance
2386,balance
2387,balance
2388,balance
2389,surplus
2390,surplus
2391,balance
2392,balance
2393,balance
2394,balance
2395,balance
2396,balance
2397,balance
2398,balance
2399,balance
2400,balance
2401,balance
2402,balance
2403,balance
2404,balance
2405,balance
2406,balance
2407,balance
2408,balance
2409,balance
2410,balance
2411,balance
2412,balance
2413,balance
2414,balance
2415,balance
2416,balance
2417,balance
2418,balance
2419,balance
2420,balance
2421,balance
2422,balance
2423,balance
2424,balance
2425,balance
2426,balance
2427,balance
2428,balance
2429,balance
2448,balance
2449,balance
2450,balance
2451,balance
2452,balance
2453,deficit
2454,deficit
2457,balance
2458,balance
2459,balance
2460,balance
2461,balance
2462,balance
2463,balance
2464,balance
2465,balance
2466,balance
2467,balance
2468,balance
2469,balance
2470,balance
2471,balance
2472,balance
2473,balance
2474,balance
2475,balance
2476,balance
2477,balance
2478,balance
2479,balance
2480,balance
2481,balance
2482,balance
2483,balance
2484,balance
2485,balance
2486,balance
2487,surplus
2488,balance
2489,balance
2490,balance
2491,balance
2492,balance
2493,balance
2494,balance
2495,balance
2496,balance
2497,balance
2498,balance
2499,balance
2511,balance
2512,balance
2513,balance
2514,surplus
2515,balance
2516,balance
2517,balance
2518,balance
2519,balance
2520,balance
2521,surplus
2522,balance
2523,balance
2524,balance
2525,balance
2526,balance
2527,balance
2528,balance
2529,balance
2530,balance
2531,surplus
2532,balance
2533,balance
2534,balance
2535,balance
2536,balance
2537,balance
2538,balance
2539,balance
2540,balance
2541,balance
2542,balance
2543,balance
2544,balance
2545,balance
2546,balance
2547,balance
2548,balance
2549,balance
2550,balance
2551,balance
2552,balance
2553,balance
2554,balance
2555,balance
2556,balance
2557,balance
2573,balance
2574,balance
2575,balance
2576,balance
2577,balance
2578,deficit
2579,deficit
2580,deficit
2581,balance
2582,balance
2583,balance
2584,balance
2585,balance
2586,balance
2587,balance
2588,balance
2589,balance
2590,balance
2591,balance
2592,balance
2593,balance
2594,balance
2595,balance
2596,balance
2597,balance
2598,surplus
2599,balance
2600,balance
2601,balance
2602,balance
2603,balance
2604,balance
2605,balance
2606,balance
2607,deficit
2608,deficit
2609,deficit
2610,balance
2611,balance
2612,balance
2613,balance
2614,balance
2615,balance
2616,balance
2617,balance
2618,balance
2619,balance
2620,balance
2621,balance
2622,balance
2623,balance
2624,balance
2637,balance
2638,balance
2639,balance
2640,balance
2641,balance
2642,balance
2643,balance
2644,balance
2645,balance
2646,balance
2647,balance
2648,balance
2649,balance
2650,balance
2651,balance
2652,balance
2653,balance
2654,balance
2655,balance
2656,balance
2657,balance
2658,balance
2659,balance
2660,balance
2661,balance
2662,balance
2663,balance
2664,balance
2665,balance
2666,balance
2667,balance
2668,balance
2669,balance
2670,balance
2671,balance
2672,balance
2673,balance
2674,balance
2675,surplus
2676,balance
2677,balance
2678,deficit
2679,deficit
2680,balance
2681,balance
2682,balance
2697,deficit
2698,balance
2699,balance
2700,balance
2701,balance
2702,balance
2703,deficit
2704,deficit
2705,balance
2706,balance
2707,balance
2708,balance
2709,balance
2710,balance
2711,balance
2712,balance
2713,balance
2714,balance
2715,balance
2716,balance
2717,balance
2718,balance
2719,balance
2720,balance
2721,balance
2722,balance
2723,balance
2724,balance
2725,balance
2726,balance
2727,balance
2728,balance
2729,balance
2730,balance
2731,deficit
2732,deficit
2733,deficit
2734,deficit
2735,deficit
2736,balance
2737,balance
2738,balance
2739,balance
2740,balance
2741,balance
2742,balance
2743,balance
2744,balance
2745,balance
2746,balance
2747,balance
2748,balance
2749,balance
2763,balance
2764,balance
2765,balance
2766,balance
2767,balance
2768,balance
2769,balance
2770,balance
2771,balance
2772,balance
2773,balance
2774,balance
2775,balance
2776,balance
2777,balance
2778,balance
2779,balance
2780,balance
2781,balance
2782,balance
2783,balance
2784,balance
2785,balance
2786,balance
2787,balance
2788,balance
2789,balance
2790,balance
2791,balance
2792,balance
2793,balance
2794,balance
2795,balance
2796,balance
2797,balance
2798,balance
2799,balance
2800,balance
2801,balance
2802,deficit
2803,deficit
2804,deficit
2805,deficit
2806,balance
2807,balance
2821,deficit
2822,deficit
2823,deficit
2824,deficit
2825,balance
2826,deficit
2827,deficit
2828,deficit
2829,deficit
2830,balance
2831,balance
2832,balance
2833,balance
2834,balance
2835,balance
2836,balance
2837,balance
2838,balance
2839,balance
2840,balance
2841,balance
2842,balance
2843,balance
2844,balance
2845,balance
2846,balance
2847,balance
2848,balance
2849,balance
2850,balance
2851,balance
2852,balance
2853,balance
2854,balance
2855,deficit
2856,deficit
2857,deficit
2858,deficit
2859,deficit
2860,deficit
2861,balance
2862,balance
2863,balance
2864,balance
2865,balance
2866,balance
2867,balance
2868,balance
2869,balance
2870,balance
2871,balance
2872,balance
2873,balance
2888,balance
2895,balance
2896,balance
2897,balance
2898,balance
2899,balance
2900,balance
2901,balance
2902,balance
2903,balance
2904,balance
2905,balance
2906,balance
2907,balance
2908,balance
2909,balance
2910,balance
2911,balance
2912,balance
2913,balance
2914,balance
2915,balance
2916,balance
2917,balance
2918,balance
2919,balance
2920,balance
2921,balance
2922,balance
2923,balance
2924,balance
2925,deficit
2926,deficit
2927,deficit
2928,deficit
2929,deficit
2930,deficit
2931,deficit
2932,balance
2933,balance
2945,deficit
2946,deficit
2947,deficit
2948,deficit
2949,deficit
2950,deficit
2951,deficit
2952,deficit
2953,deficit
2954,deficit
2955,balance
2956,surplus
2957,balance
2958,balance
2959,balance
2960,balance
2961,balance
2962,balance
2963,balance
2964,balance
2965,balance
2966,balance
2967,balance
2968,balance
2969,balance
2970,balance
2971,balance
2972,balance
2973,balance
2974,balance
2975,balance
2976,balance
2977,balance
2978,balance
2979,balance
2980,deficit
2981,deficit
2982,deficit
2983,balance
2984,deficit
2985,deficit
2986,deficit
2987,balance
2988,balance
2989,balance
2990,balance
3022,balance
3023,balance
3024,balance
3025,balance
3026,balance
3027,balance
3028,balance
3029,balance
3030,balance
3031,balance
3032,balance
3033,balance
3034,balance
3035,balance
3036,balance
3037,balance
3038,balance
3039,balance
3040,balance
3041,balance
3042,balance
3043,balance
3044,balance
3045,balance
3046,balance
3047,balance
3048,balance
3049,balance
3050,deficit
3051,deficit
3052,deficit
3053,deficit
3054,deficit
3055,deficit
3056,deficit
3057,deficit
3058,deficit
3059,balance
3060,balance
3063,balance
3068,deficit
3069,deficit
3070,deficit
3071,deficit
3072,deficit
3073,deficit
3074,deficit
3075,deficit
3076,deficit
3077,deficit
3078,deficit
3079,deficit
3080,deficit
3081,balance
3082,balance
3083,balance
3084,balance
3085,balance
3086,balance
3087,balance
3088,balance
3089,balance
3090,balance
3091,balance
3092,balance
3093,balance
3094,balance
3095,balance
3096,balance
3097,balance
3098,balance
3099,balance
3100,balance
3101,balance
3102,balance
3103,balance
3104,deficit
3105,deficit
3106,deficit
3107,deficit
3108,deficit
3109,deficit
3110,deficit
3111,deficit
3112,balance
3113,balance
3114,balance
3115,balance
3147,balance
3148,balance
3149,balance
3150,balance
3151,balance
3152,balance
3153,balance
3154,balance
3155,balance
3156,balance
3157,balance
3158,balance
3159,balance
3160,balance
3161,balance
3162,balance
3163,surplus
3164,balance
3165,balance
3166,balance
3167,balance
3168,balance
3169,balance
3170,balance
3171,balance
3172,balance
3173,balance
3174,balance
3175,deficit
3176,deficit
3177,deficit
3178,deficit
3179,deficit
3180,deficit
3181,deficit
3182,deficit
3183,deficit
3184,deficit
3185,deficit
3186,deficit
3187,deficit
3188,deficit
3189,deficit
3192,balance
3193,balance
3194,deficit
3195,deficit
3196,deficit
3197,deficit
3198,deficit
3199,deficit
3200,deficit
3201,deficit
3202,deficit
3203,deficit
3204,deficit
3205,balance
3206,balance
3207,balance
3208,balance
3209,balance
3210,balance
3211,balance
3212,balance
3213,balance
3214,balance
3215,deficit
3216,deficit
3217,deficit
3218,deficit
3219,balance
3220,balance
3221,balance
3222,balance
3223,balance
3224,balance
3225,balance
3226,balance
3227,balance
3228,balance
3229,deficit
3230,deficit
3231,deficit
3232,deficit
3233,deficit
3234,deficit
3235,deficit
3236,deficit
3237,balance
3238,balance
3239,balance
3271,balance
3272,balance
3273,balance
3274,balance
3275,balance
3276,balance
3277,balance
3278,balance
3279,balance
3280,balance
3281,balance
3282,balance
3283,balance
3284,balance
3285,balance
3286,balance
3287,balance
3288,surplus
3289,surplus
3290,balance
3291,balance
3292,balance
3293,balance
3294,balance
3295,balance
3296,balance
3297,balance
3298,balance
3299,balance
3300,balance
3301,balance
3302,balance
3303,balance
3304,deficit
3305,deficit
3306,deficit
3307,deficit
3308,deficit
3309,deficit
3310,deficit
3311,deficit
3312,deficit
3313,deficit
3314,deficit
3315,balance
3316,balance
3317,balance
3318,balance
3319,balance
3320,balance
3321,deficit
3322,deficit
3323,deficit
3324,deficit
3325,deficit
3326,deficit
3327,deficit
3328,deficit
3329,deficit
3330,balance
3331,balance
3332,balance
3333,balance
3334,balance
3335,balance
3336,balance
3337,balance
3338,balance
3339,balance
3340,deficit
3341,deficit
3342,deficit
3343,deficit
3344,balance
3345,balance
3346,balance
3347,balance
3348,balance
3349,balance
3350,balance
3351,balance
3352,balance
3353,balance
3354,deficit
3355,deficit
3356,deficit
3357,deficit
3358,deficit
3359,deficit
3360,deficit
3361,deficit
3362,balance
3363,balance
3364,balance
3395,balance
3396,balance
3397,balance
3398,balance
3399,balance
3400,balance
3401,balance
3402,balance
3403,balance
3404,balance
3405,balance
3406,balance
3407,balance
3408,balance
3409,balance
3410,balance
3411,balance
3412,balance
3413,balance
3414,balance
3415,balance
3416,balance
3417,balance
3418,balance
3419,balance
3420,balance
3421,balance
3422,surplus
3423,balance
3424,balance
3425,balance
3426,balance
3427,balance
3428,balance
3429,balance
3430,deficit
3431,deficit
3432,deficit
3433,deficit
3434,deficit
3435,surplus
3436,deficit
3437,deficit
3438,deficit
3439,deficit
3440,balance
3441,balance
3442,balance
3443,balance
3444,balance
3445,balance
3446,balance
3447,balance
3448,balance
3449,balance
3450,balance
3451,balance
3452,balance
3453,balance
3454,balance
3455,balance
3456,balance
3457,balance
3458,balance
3459,balance
3460,balance
3461,balance
3462,balance
3463,balance
3464,balance
3465,deficit
3466,deficit
3467,deficit
3468,deficit
3469,balance
3470,balance
3471,balance
3472,balance
3473,balance
3474,balance
3475,balance
3476,balance
3477,deficit
3478,deficit
3479,deficit
3480,balance
3481,deficit
3482,deficit
3483,deficit
3484,deficit
3485,deficit
3486,deficit
3487,balance
3488,balance
3520,balance
3521,balance
3522,balance
3523,balance
3525,balance
3526,balance
3527,surplus
3528,balance
3529,balance
3530,balance
3531,balance
3532,balance
3533,balance
3534,balance
3535,balance
3536,balance
3537,balance
3538,balance
3539,balance
3540,balance
3541,balance
3542,balance
3543,balance
3544,balance
3545,balance
3546,balance
3547,balance
3548,surplus
3549,surplus
3550,balance
3551,surplus
3552,balance
3553,surplus
3554,balance
3555,balance
3556,balance
3557,deficit
3558,deficit
3559,deficit
3560,deficit
3561,surplus
3562,deficit
3563,deficit
3564,deficit
3565,deficit
3566,balance
3567,balance
3568,balance
3569,balance
3570,balance
3571,balance
3572,balance
3573,balance
3574,balance
3575,balance
3576,balance
3577,balance
3578,balance
3579,balance
3580,balance
3581,balance
3582,balance
3583,balance
3584,balance
3585,balance
3586,balance
3587,balance
3588,balance
3589,balance
3590,deficit
3591,deficit
3592,deficit
3593,balance
3594,balance
3595,balance
3596,balance
3597,balance
3598,balance
3599,balance
3600,balance
3601,balance
3602,deficit
3603,deficit
3604,deficit
3605,balance
3606,balance
3607,balance
3608,deficit
3609,deficit
3610,deficit
3611,deficit
3612,deficit
3613,balance
3652,balance
3653,balance
3654,balance
3655,balance
3656,balance
3657,balance
3658,balance
3659,balance
3660,balance
3661,balance
3662,balance
3663,balance
3664,balance
3665,balance
3666,balance
3667,balance
3668,balance
3669,balance
3670,balance
3671,balance
3672,balance
3673,balance
3674,balance
3675,balance
3676,balance
3677,balance
3678,balance
3679,balance
3680,balance
3681,balance
3682,balance
3683,deficit
3684,deficit
3685,deficit
3686,deficit
3687,deficit
3688,deficit
3689,deficit
3690,deficit
3691,balance
3692,balance
3693,balance
3694,balance
3695,balance
3696,balance
3697,balance
3698,balance
3699,balance
3700,balance
3701,balance
3702,balance
3703,balance
3704,balance
3705,balance
3706,balance
3707,balance
3708,balance
3709,balance
3710,surplus
3711,balance
3712,balance
3713,balance
3714,balance
3715,balance
3716,balance
3717,balance
3718,balance
3719,balance
3720,balance
3721,balance
3722,balance
3723,balance
3724,balance
3725,balance
3726,balance
3727,deficit
3728,deficit
3729,balance
3730,balance
3731,balance
3732,balance
3733,deficit
3734,deficit
3735,deficit
3736,deficit
3737,deficit
3738,balance
3780,balance
3781,balance
3782,balance
3783,balance
3784,balance
3785,balance
3786,balance
3787,balance
3788,balance
3789,balance
3790,balance
3791,balance
3792,balance
3793,balance
3794,balance
3795,balance
3796,balance
3797,balance
3798,balance
3799,balance
3800,balance
3801,balance
3802,balance
3803,balance
3804,balance
3805,balance
3806,balance
3807,surplus
3808,deficit
3809,surplus
3810,balance
3811,surplus
3812,surplus
3813,deficit
3814,deficit
3815,balance
3816,balance
3817,surplus
3818,balance
3819,balance
3820,balance
3821,balance
3822,balance
3823,surplus
3824,surplus
3825,surplus
3826,balance
3827,balance
3828,balance
3829,balance
3830,balance
3831,balance
3832,balance
3833,balance
3834,balance
3835,balance
3836,balance
3837,balance
3838,balance
3839,balance
3840,balance
3841,balance
3842,balance
3843,balance
3844,balance
3845,balance
3846,balance
3847,balance
3848,balance
3849,balance
3850,balance
3851,balance
3852,balance
3853,balance
3854,balance
3855,balance
3856,balance
3857,balance
3858,deficit
3859,deficit
3860,deficit
3861,deficit
3862,deficit
3909,balance
3910,balance
3911,balance
3912,balance
3913,balance
3914,balance
3915,balance
3916,balance
3917,balance
3918,balance
3919,surplus
3920,balance
3921,balance
3922,balance
3923,balance
3924,balance
3925,balance
3926,balance
3927,balance
3928,balance
3929,balance
3930,balance
3931,balance
3932,deficit
3933,deficit
3934,balance
3935,surplus
3936,balance
3937,balance
3938,surplus
3939,balance
3940,deficit
3941,balance
3942,surplus
3943,balance
3944,balance
3945,balance
3946,balance
3947,balance
3948,balance
3949,surplus
3950,surplus
3951,balance
3952,balance
3953,balance
3954,balance
3955,balance
3956,balance
3957,balance
3958,balance
3959,balance
3960,balance
3961,balance
3962,balance
3963,surplus
3964,balance
3965,balance
3966,balance
3967,balance
3968,balance
3969,balance
3970,balance
3971,balance
3972,balance
3973,balance
3974,balance
3975,deficit
3976,deficit
3977,deficit
3978,deficit
3979,balance
3980,balance
3981,balance
3982,balance
3983,balance
3984,balance
3985,deficit
3986,deficit
4036,balance
4037,balance
4038,balance
4039,balance
4040,balance
4041,balance
4042,balance
4043,balance
4044,balance
4045,balance
4046,balance
4047,balance
4048,balance
4049,balance
4050,balance
4051,balance
4052,balance
4053,balance
4054,balance
4055,balance
4056,balance
4057,balance
4058,deficit
4059,deficit
4060,surplus
4061,surplus
4062,surplus
4063,deficit
4064,deficit
4065,balance
4066,balance
4067,surplus
4068,balance
4069,balance
4070,surplus
4071,deficit
4072,deficit
4073,deficit
4074,balance
4075,balance
4076,balance
4077,balance
4078,balance
4079,balance
4080,balance
4081,balance
4082,balance
4083,balance
4084,balance
4085,balance
4086,balance
4087,balance
4088,balance
4089,balance
4090,balance
4091,balance
4092,balance
4093,balance
4094,balance
4095,balance
4096,balance
4097,balance
4098,balance
4099,deficit
4100,deficit
4101,deficit
4102,deficit
4103,deficit
4104,deficit
4105,balance
4106,balance
4107,balance
4108,balance
4109,balance
4110,balance
4111,balance
4162,balance
4163,balance
4164,balance
4165,balance
4166,balance
4167,balance
4168,balance
4169,balance
4170,balance
4171,balance
4172,balance
4173,balance
4174,balance
4175,balance
4176,balance
4177,balance
4178,balance
4179,balance
4180,balance
4181,balance
4182,balance
4183,balance
4184,deficit
4185,deficit
4186,surplus
4187,deficit
4188,deficit
4189,balance
4190,balance
4191,balance
4192,balance
4193,balance
4194,balance
4195,deficit
4196,deficit
4197,deficit
4198,deficit
4199,deficit
4200,deficit
4201,balance
4202,balance
4203,balance
4204,balance
4205,balance
4206,balance
4207,balance
4208,balance
4209,balance
4210,surplus
4211,deficit
4212,deficit
4213,balance
4214,balance
4215,balance
4216,balance
4217,balance
4218,balance
4219,balance
4220,balance
4221,balance
4222,balance
4223,balance
4224,deficit
4225,deficit
4226,deficit
4227,deficit
4228,deficit
4229,deficit
4230,balance
4231,balance
4232,balance
4233,balance
4234,balance
4235,balance
4236,balance
4287,balance
4288,balance
4289,balance
4290,balance
4291,balance
4292,balance
4293,balance
4294,balance
4295,balance
4296,balance
4297,balance
4298,balance
4299,balance
4300,balance
4301,balance
4302,balance
4303,balance
4304,balance
4305,balance
4306,balance
4307,balance
4308,balance
4309,balance
4310,balance
4311,balance
4312,balance
4313,balance
4314,balance
4315,balance
4316,balance
4317,balance
4318,balance
4319,balance
4320,deficit
4321,deficit
4322,deficit
4323,deficit
4324,deficit
4325,deficit
4326,deficit
4327,surplus
4328,balance
4329,balance
4330,balance
4331,balance
4332,balance
4333,balance
4334,deficit
4335,surplus
4336,deficit
4337,deficit
4338,deficit
4339,balance
4340,balance
4341,balance
4342,balance
4343,balance
4344,surplus
4345,balance
4346,balance
4347,balance
4348,balance
4349,balance
4350,deficit
4351,deficit
4352,deficit
4353,deficit
4354,deficit
4355,balance
4356,balance
4357,balance
4358,balance
4359,balance
4360,balance
4361,balance
4411,balance
4412,balance
4413,balance
4414,balance
4415,balance
4416,balance
4417,balance
4418,balance
4419,balance
4420,balance
4421,balance
4422,balance
4423,balance
4424,balance
4425,balance
4426,balance
4427,balance
4428,balance
4429,balance
4430,balance
4431,balance
4432,balance
4433,balance
4434,balance
4435,balance
4436,balance
4437,surplus
4438,balance
4439,balance
4440,surplus
4441,balance
4442,balance
4443,balance
4444,surplus
4445,deficit
4446,deficit
4447,deficit
4448,deficit
4449,deficit
4450,deficit
4451,deficit
4452,balance
4453,balance
4454,balance
4455,balance
4456,balance
4457,surplus
4458,surplus
4459,balance
4460,deficit
4461,deficit
4462,deficit
4463,deficit
4464,balance
4465,balance
4466,balance
4467,balance
4468,balance
4469,balance
4470,balance
4471,balance
4472,balance
4473,balance
4474,balance
4475,deficit
4476,deficit
4477,deficit
4478,deficit
4479,deficit
4480,deficit
4481,balance
4482,balance
4483,balance
4484,balance
4485,balance
4486,balance
4487,balance
4535,balance
4536,balance
4537,balance
4538,balance
4539,balance
4540,balance
4541,balance
4542,balance
4543,balance
4544,balance
4545,balance
4546,balance
4547,balance
4548,balance
4549,balance
4550,balance
4551,balance
4552,balance
4553,balance
4554,balance
4555,balance
4556,balance
4557,balance
4558,balance
4559,balance
4560,balance
4561,balance
4562,balance
4563,balance
4564,surplus
4565,surplus
4566,balance
4567,balance
4568,balance
4569,balance
4570,deficit
4571,surplus
4572,deficit
4573,surplus
4574,surplus
4575,deficit
4576,balance
4577,balance
4578,balance
4579,balance
4580,balance
4581,balance
4582,balance
4583,balance
4584,balance
4585,balance
4586,deficit
4587,deficit
4588,surplus
4589,deficit
4590,surplus
4591,surplus
4592,balance
4593,surplus
4594,balance
4595,balance
4596,balance
4597,balance
4598,balance
4599,balance
4600,balance
4601,deficit
4602,surplus
4603,deficit
4604,deficit
4605,deficit
4606,balance
4607,balance
4608,balance
4609,balance
4610,balance
4611,balance
4612,balance
4613,balance
4660,balance
4661,balance
4662,balance
4663,balance
4664,balance
4667,balance
4668,balance
4669,balance
4670,balance
4671,balance
4672,balance
4673,balance
4674,balance
4675,balance
4676,balance
4677,balance
4678,balance
4679,balance
4680,balance
4681,balance
4682,balance
4683,balance
4684,balance
4685,balance
4686,balance
4687,balance
4688,balance
4689,balance
4690,surplus
4691,surplus
4692,balance
4693,balance
4694,balance
4695,balance
4696,surplus
4697,surplus
4698,deficit
4699,deficit
4700,deficit
4701,balance
4702,balance
4703,balance
4704,balance
4705,balance
4706,balance
4707,balance
4708,balance
4709,balance
4710,surplus
4711,deficit
4712,deficit
4713,surplus
4714,surplus
4715,surplus
4716,balance
4717,balance
4718,balance
4719,balance
4720,balance
4721,balance
4722,balance
4723,balance
4724,balance
4725,balance
4726,balance
4727,deficit
4728,deficit
4729,deficit
4730,balance
4731,surplus
4732,balance
4733,balance
4734,balance
4735,balance
4736,balance
4737,balance
4738,balance
4787,balance
4788,balance
4793,balance
4794,balance
4795,balance
4796,balance
4797,balance
4798,balance
4799,balance
4800,balance
4801,balance
4802,balance
4803,balance
4804,balance
4805,balance
4806,balance
4807,balance
4808,balance
4809,balance
4810,balance
4811,balance
4812,balance
4813,balance
4814,balance
4815,balance
4816,balance
4817,balance
4818,surplus
4819,balance
4820,balance
4821,balance
4822,deficit
4823,surplus
4824,balance
4825,balance
4826,balance
4827,balance
4828,balance
4829,balance
4830,balance
4831,balance
4832,balance
4833,balance
4834,balance
4835,deficit
4836,deficit
4837,deficit
4838,surplus
4839,deficit
4840,deficit
4841,balance
4842,balance
4843,surplus
4844,balance
4845,balance
4846,balance
4847,balance
4848,balance
4849,balance
4850,balance
4851,balance
4852,balance
4853,balance
4854,balance
4855,balance
4856,balance
4857,balance
4858,balance
4859,balance
4860,balance
4861,balance
4862,balance
4918,balance
4919,balance
4920,balance
4921,deficit
4922,deficit
4923,balance
4924,balance
4925,balance
4926,balance
4927,balance
4928,balance
4929,balance
4930,balance
4931,balance
4932,deficit
4933,deficit
4934,balance
4935,balance
4936,balance
4937,balance
4938,surplus
4939,balance
4940,surplus
4941,balance
4942,surplus
4943,surplus
4944,surplus
4945,surplus
4946,balance
4947,balance
4948,surplus
4949,surplus
4950,balance
4951,balance
4952,balance
4953,balance
4954,balance
4955,balance
4956,balance
4957,balance
4958,balance
4959,balance
4960,deficit
4961,deficit
4962,deficit
4963,balance
4964,surplus
4965,surplus
4966,balance
4967,surplus
4968,balance
4969,balance
4970,balance
4971,balance
4972,balance
4973,balance
4974,balance
4975,balance
4976,balance
4977,balance
4978,balance
4979,surplus
4980,surplus
4981,surplus
4982,surplus
4983,deficit
4984,balance
4985,balance
5042,balance
5043,balance
5044,balance
5045,balance
5046,balance
5047,deficit
5048,balance
5049,balance
5050,balance
5051,balance
5052,balance
5053,balance
5054,balance
5055,balance
5056,balance
5057,deficit
5058,deficit
5059,balance
5060,balance
5061,balance
5062,balance
5063,balance
5064,balance
5065,surplus
5066,balance
5067,surplus
5068,balance
5069,balance
5070,balance
5071,balance
5072,balance
5073,balance
5074,balance
5075,balance
5076,balance
5077,balance
5078,balance
5079,balance
5080,balance
5081,balance
5082,balance
5083,surplus
5084,balance
5085,balance
5086,deficit
5087,deficit
5088,deficit
5089,deficit
5090,balance
5091,balance
5092,balance
5093,balance
5094,balance
5095,balance
5096,balance
5097,balance
5098,balance
5099,surplus
5100,balance
5101,balance
5102,surplus
5103,balance
5104,surplus
5105,balance
5106,deficit
5107,surplus
5108,deficit
5167,balance
5168,balance
5169,balance
5170,balance
5171,balance
5172,deficit
5173,deficit
5174,balance
5175,balance
5176,balance
5177,balance
5178,balance
5179,balance
5180,balance
5181,balance
5182,deficit
5183,deficit
5184,balance
5185,balance
5186,balance
5187,balance
5188,balance
5189,balance
5190,balance
5191,balance
5192,balance
5193,balance
5194,balance
5195,surplus
5196,balance
5197,balance
5198,balance
5199,balance
5200,surplus
5201,balance
5202,balance
5203,balance
5204,balance
5205,balance
5206,balance
5207,balance
5208,balance
5209,surplus
5210,balance
5211,balance
5212,deficit
5213,surplus
5214,deficit
5215,balance
5216,balance
5217,balance
5218,balance
5219,deficit
5220,surplus
5221,deficit
5222,surplus
5223,balance
5224,balance
5225,balance
5226,balance
5227,balance
5228,balance
5229,balance
5230,balance
5231,deficit
5232,deficit
5292,balance
5293,balance
5294,balance
5295,balance
5296,balance
5297,balance
5298,deficit
5299,deficit
5300,balance
5301,balance
5302,balance
5303,balance
5304,balance
5305,surplus
5306,balance
5307,balance
5308,balance
5309,balance
5310,balance
5311,surplus
5312,balance
5313,balance
5314,balance
5315,surplus
5316,balance
5317,balance
5318,balance
5319,balance
5320,balance
5321,surplus
5322,surplus
5323,balance
5324,balance
5325,balance
5326,surplus
5327,balance
5328,balance
5329,balance
5330,balance
5331,balance
5332,balance
5333,balance
5334,balance
5335,balance
5336,balance
5337,deficit
5338,deficit
5339,deficit
5340,balance
5341,balance
5342,balance
5343,surplus
5344,surplus
5345,deficit
5346,deficit
5347,balance
5348,balance
5349,balance
5350,balance
5351,surplus
5352,balance
5353,balance
5354,balance
5355,balance
5356,deficit
5357,deficit
5418,balance
5419,balance
5420,balance
5422,balance
5423,balance
5424,balance
5425,balance
5426,balance
5427,balance
5428,balance
5429,balance
5430,balance
5431,balance
5432,balance
5433,balance
5434,balance
5435,balance
5436,balance
5437,balance
5438,balance
5439,balance
5440,balance
5441,surplus
5442,surplus
5443,surplus
5444,balance
5445,balance
5446,balance
5447,surplus
5448,balance
5449,balance
5450,balance
5451,balance
5452,balance
5453,balance
5454,balance
5455,balance
5456,balance
5457,balance
5458,balance
5459,balance
5460,balance
5461,deficit
5462,deficit
5463,deficit
5464,deficit
5465,deficit
5466,balance
5467,balance
5468,deficit
5469,surplus
5470,deficit
5471,balance
5472,balance
5473,balance
5474,balance
5475,surplus
5476,balance
5477,balance
5478,surplus
5479,balance
5480,deficit
5481,surplus
5482,deficit
5548,balance
5549,balance
5550,balance
5551,balance
5552,balance
5553,surplus
5554,surplus
5555,balance
5556,balance
5557,balance
5558,balance
5559,balance
5560,balance
5561,balance
5562,balance
5563,balance
5564,balance
5565,balance
5566,surplus
5567,balance
5568,balance
5569,balance
5570,balance
5571,balance
5572,surplus
5573,balance
5574,balance
5575,balance
5576,balance
5577,balance
5578,balance
5579,balance
5580,balance
5581,balance
5582,balance
5583,balance
5584,balance
5585,balance
5586,deficit
5587,deficit
5588,deficit
5589,deficit
5590,surplus
5591,balance
5592,surplus
5593,surplus
5594,deficit
5595,deficit
5596,deficit
5597,deficit
5598,balance
5599,balance
5600,deficit
5601,deficit
5602,deficit
5603,balance
5604,deficit
5605,deficit
5606,deficit
5607,deficit
5677,balance
5678,balance
5679,deficit
5680,balance
5681,balance
5682,balance
5683,balance
5684,balance
5685,balance
5686,balance
5687,surplus
5688,balance
5689,balance
5690,balance
5691,balance
5692,surplus
5693,balance
5694,balance
5695,balance
5696,balance
5697,balance
5698,balance
5699,balance
5700,balance
5701,balance
5702,balance
5703,balance
5704,balance
5705,balance
5706,balance
5707,balance
5708,balance
5709,balance
5710,deficit
5711,deficit
5712,deficit
5713,deficit
5714,deficit
5715,deficit
5716,deficit
5717,deficit
5718,deficit
5719,surplus
5720,surplus
5721,deficit
5722,deficit
5723,deficit
5724,deficit
5725,deficit
5726,deficit
5727,deficit
5728,deficit
5729,deficit
5730,deficit
5731,deficit
5732,deficit
5804,deficit
5805,deficit
5806,balance
5807,balance
5808,balance
5809,balance
5810,balance
5811,balance
5812,balance
5813,surplus
5814,balance
5815,balance
5816,surplus
5817,balance
5818,balance
5819,surplus
5820,balance
5821,surplus
5822,balance
5823,balance
5824,balance
5825,balance
5826,balance
5827,balance
5828,balance
5829,balance
5830,balance
5831,balance
5832,balance
5833,balance
5834,deficit
5835,deficit
5836,deficit
5837,deficit
5838,deficit
5839,deficit
5840,deficit
5841,deficit
5842,deficit
5843,balance
5844,deficit
5845,deficit
5846,deficit
5847,balance
5848,deficit
5849,deficit
5850,deficit
5851,balance
5852,deficit
5853,deficit
5854,deficit
5855,deficit
5856,deficit
5857,deficit
5929,balance
5930,balance
5931,balance
5932,balance
5933,balance
5934,surplus
5935,balance
5936,balance
5937,surplus
5938,balance
5939,surplus
5940,surplus
5941,balance
5942,balance
5943,balance
5944,balance
5945,surplus
5946,surplus
5947,balance
5948,balance
5949,balance
5950,balance
5951,balance
5952,balance
5953,balance
5954,balance
5955,balance
5956,balance
5957,balance
5958,deficit
5959,deficit
5960,deficit
5961,deficit
5962,deficit
5963,deficit
5964,deficit
5965,deficit
5966,deficit
5967,deficit
5968,deficit
5969,deficit
5970,balance
5971,deficit
5972,balance
5973,deficit
5974,balance
5975,deficit
5976,deficit
5977,balance
5978,deficit
5979,deficit
5980,deficit
5981,deficit
5982,deficit
6054,balance
6055,balance
6056,balance
6057,balance
6058,balance
6059,balance
6060,balance
6061,balance
6062,surplus
6063,balance
6064,balance
6065,balance
6066,balance
6067,surplus
6068,balance
6069,surplus
6070,balance
6071,balance
6072,balance
6073,balance
6074,balance
6075,balance
6076,balance
6077,balance
6078,balance
6079,balance
6080,balance
6081,balance
6082,balance
6083,deficit
6084,deficit
6085,deficit
6086,deficit
6087,deficit
6088,deficit
6089,deficit
6090,deficit
6091,deficit
6092,balance
6093,balance
6094,balance
6095,balance
6096,balance
6097,balance
6098,deficit
6099,balance
6100,balance
6101,deficit
6102,balance
6103,balance
6104,deficit
6105,balance
6106,deficit
6107,deficit
6178,balance
6179,balance
6180,balance
6181,balance
6182,balance
6183,balance
6184,balance
6185,balance
6186,surplus
6187,balance
6188,balance
6189,surplus
6190,surplus
6191,surplus
6192,surplus
6193,balance
6194,balance
6195,surplus
6196,balance
6197,balance
6198,balance
6199,balance
6200,balance
6201,balance
6202,balance
6203,balance
6204,balance
6205,balance
6206,balance
6207,balance
6208,deficit
6209,deficit
6210,deficit
6211,deficit
6212,deficit
6213,deficit
6214,deficit
6215,deficit
6216,deficit
6217,deficit
6218,balance
6219,deficit
6220,deficit
6221,deficit
6222,deficit
6223,deficit
6224,deficit
6225,balance
6226,balance
6227,deficit
6228,deficit
6229,deficit
6230,deficit
6231,deficit
6232,balance
6303,balance
6304,balance
6305,balance
6306,balance
6307,balance
6308,balance
6309,balance
6310,balance
6311,balance
6312,balance
6313,surplus
6314,balance
6315,surplus
6316,surplus
6317,balance
6318,surplus
6319,surplus
6320,balance
6321,balance
6322,balance
6323,surplus
6324,balance
6325,balance
6326,balance
6327,balance
6328,balance
6329,balance
6330,balance
6331,balance
6332,balance
6333,deficit
6334,deficit
6335,deficit
6336,deficit
6337,deficit
6338,deficit
6339,deficit
6340,deficit
6341,deficit
6342,balance
6343,balance
6344,deficit
6345,balance
6346,balance
6347,deficit
6348,deficit
6349,deficit
6350,balance
6351,deficit
6352,deficit
6353,deficit
6354,deficit
6355,deficit
6356,deficit
6357,deficit
6428,balance
6429,balance
6430,balance
6431,balance
6432,balance
6433,balance
6434,balance
6435,balance
6436,balance
6437,balance
6438,surplus
6439,surplus
6440,balance
6441,surplus
6442,balance
6443,balance
6444,surplus
6445,balance
6446,balance
6447,surplus
6448,balance
6449,balance
6450,balance
6451,balance
6452,balance
6453,balance
6454,balance
6455,balance
6456,balance
6457,balance
6458,balance
6459,deficit
6460,deficit
6461,balance
6462,deficit
6463,deficit
6464,deficit
6465,deficit
6466,deficit
6467,surplus
6468,surplus
6469,surplus
6470,deficit
6471,deficit
6472,balance
6473,balance
6474,deficit
6475,deficit
6476,deficit
6553,balance
6554,balance
6555,balance
6556,balance
6557,balance
6558,balance
6559,balance
6560,balance
6561,balance
6562,balance
6563,balance
6564,surplus
6565,balance
6566,balance
6567,balance
6568,surplus
6569,balance
6570,surplus
6571,surplus
6572,surplus
6573,balance
6574,balance
6575,balance
6576,balance
6577,balance
6578,balance
6579,balance
6580,surplus
6581,balance
6582,balance
6583,balance
6584,balance
6585,surplus
6586,deficit
6587,surplus
6588,deficit
6589,deficit
6590,deficit
6591,deficit
6592,deficit
6593,surplus
6594,surplus
6595,surplus
6596,deficit
6597,deficit
6598,deficit
6599,deficit
6678,balance
6679,balance
6680,balance
6681,balance
6682,balance
6683,balance
6684,balance
6685,balance
6686,surplus
6687,balance
6688,balance
6689,balance
6690,balance
6691,surplus
6692,balance
6693,balance
6694,balance
6695,surplus
6696,balance
6697,balance
6698,balance
6699,balance
6700,balance
6701,balance
6702,balance
6703,balance
6704,balance
6705,balance
6706,balance
6707,balance
6708,balance
6709,balance
6710,balance
6711,balance
6712,balance
6713,deficit
6714,deficit
6715,deficit
6716,deficit
6717,deficit
6718,deficit
6719,deficit
6720,deficit
6721,balance
6722,balance
6723,deficit
6802,balance
6803,balance
6804,balance
6805,balance
6806,balance
6807,balance
6808,balance
6809,balance
6810,surplus
6811,balance
6812,surplus
6813,balance
6814,balance
6815,balance
6816,balance
6817,surplus
6818,surplus
6819,balance
6820,surplus
6821,surplus
6822,balance
6823,balance
6824,balance
6825,balance
6826,balance
6827,balance
6828,balance
6829,balance
6830,balance
6831,balance
6832,balance
6833,balance
6834,balance
6835,balance
6836,balance
6837,balance
6838,balance
6839,surplus
6840,balance
6841,balance
6842,surplus
6843,balance
6844,deficit
6845,deficit
6846,deficit
6847,deficit
6848,deficit
6849,deficit
6926,balance
6927,balance
6928,surplus
6929,balance
6930,balance
6931,balance
6932,balance
6933,balance
6934,balance
6935,balance
6936,balance
6937,surplus
6938,balance
6939,balance
6940,surplus
6941,surplus
6942,surplus
6943,surplus
6944,balance
6945,surplus
6946,balance
6947,balance
6948,balance
6949,balance
6950,balance
6951,balance
6952,balance
6953,surplus
6954,balance
6955,balance
6956,balance
6957,balance
6958,balance
6959,balance
6960,balance
6961,balance
6962,balance
6963,balance
6964,deficit
6965,balance
6966,balance
6967,balance
6968,balance
6969,balance
6970,deficit
6971,deficit
6972,deficit
6973,deficit
6974,deficit
6975,deficit
6976,deficit
6977,deficit
7051,balance
7052,balance
7053,balance
7054,balance
7055,balance
7056,balance
7057,balance
7058,balance
7059,balance
7060,balance
7061,balance
7062,balance
7063,balance
7064,surplus
7065,surplus
7066,balance
7067,surplus
7068,surplus
7069,surplus
7070,balance
7071,balance
7072,balance
7073,balance
7074,balance
7075,balance
7076,balance
7077,balance
7078,balance
7079,balance
7080,balance
7081,balance
7082,balance
7083,balance
7084,balance
7085,balance
7086,balance
7087,balance
7088,deficit
7089,deficit
7090,deficit
7091,balance
7092,balance
7093,balance
7094,balance
7095,deficit
7096,deficit
7097,deficit
7098,deficit
7099,deficit
7100,deficit
7101,deficit
7102,deficit
7103,deficit
7176,balance
7177,balance
7178,balance
7179,balance
7180,balance
7181,balance
7182,balance
7183,balance
7184,balance
7185,balance
7186,balance
7187,surplus
7188,balance
7189,surplus
7190,surplus
7191,balance
7192,surplus
7193,surplus
7194,balance
7195,balance
7196,balance
7197,balance
7198,balance
7199,balance
7200,balance
7201,surplus
7202,balance
7203,balance
7204,balance
7205,balance
7206,balance
7207,balance
7208,balance
7209,balance
7210,balance
7211,balance
7212,balance
7213,surplus
7214,deficit
7215,deficit
7216,deficit
7217,deficit
7218,surplus
7219,balance
7220,deficit
7221,deficit
7222,deficit
7223,deficit
7224,deficit
7225,deficit
7226,deficit
7227,deficit
7300,balance
7301,balance
7302,balance
7303,balance
7304,balance
7305,balance
7306,balance
7307,balance
7308,surplus
7309,balance
7310,balance
7311,surplus
7312,surplus
7313,surplus
7314,balance
7315,surplus
7316,surplus
7317,balance
7318,surplus
7319,balance
7320,balance
7321,balance
7322,balance
7323,balance
7324,balance
7325,balance
7326,balance
7327,balance
7328,balance
7329,balance
7330,balance
7331,balance
7332,balance
7333,balance
7334,balance
7335,balance
7336,balance
7337,deficit
7338,deficit
7339,deficit
7340,deficit
7341,deficit
7342,deficit
7343,deficit
7344,balance
7345,deficit
7346,deficit
7347,deficit
7348,deficit
7349,deficit
7350,deficit
7351,deficit
7425,balance
7426,balance
7427,balance
7428,balance
7429,balance
7430,balance
7431,balance
7432,balance
7433,balance
7434,balance
7435,balance
7436,balance
7437,balance
7438,balance
7439,balance
7440,balance
7441,balance
7442,balance
7443,balance
7444,balance
7445,balance
7446,balance
7447,balance
7448,balance
7449,balance
7450,balance
7451,balance
7452,balance
7453,balance
7454,balance
7455,balance
7456,balance
7457,balance
7458,balance
7459,balance
7460,balance
7461,balance
7462,balance
7463,deficit
7464,deficit
7465,deficit
7466,deficit
7467,deficit
7468,deficit
7469,balance
7470,surplus
7471,deficit
7472,deficit
7473,deficit
7474,surplus
7475,deficit
7476,deficit
7477,deficit
7550,balance
7551,balance
7552,balance
7553,balance
7554,balance
7555,balance
7556,balance
7557,balance
7558,balance
7559,balance
7560,balance
7561,balance
7562,balance
7563,balance
7564,surplus
7565,balance
7566,balance
7567,balance
7568,balance
7569,balance
7570,balance
7571,balance
7572,balance
7573,balance
7574,balance
7575,balance
7576,balance
7577,balance
7578,balance
7579,balance
7580,balance
7581,balance
7582,balance
7583,balance
7584,balance
7585,balance
7586,balance
7587,balance
7588,deficit
7589,deficit
7590,surplus
7591,deficit
7592,deficit
7593,balance
7594,balance
7595,balance
7596,balance
7597,balance
7598,deficit
7599,surplus
7600,deficit
7601,deficit
7602,deficit
7675,balance
7676,balance
7677,balance
7678,surplus
7679,balance
7680,balance
7681,balance
7682,balance
7683,balance
7684,balance
7685,balance
7686,surplus
7687,balance
7688,balance
7689,surplus
7690,balance
7691,balance
7692,balance
7693,balance
7694,balance
7695,balance
7696,balance
7697,balance
7698,balance
7699,balance
7700,balance
7701,balance
7702,balance
7703,balance
7704,balance
7705,balance
7706,balance
7707,balance
7708,balance
7709,balance
7710,balance
7711,balance
7712,balance
7713,balance
7714,balance
7715,balance
7716,balance
7717,balance
7718,balance
7719,balance
7720,balance
7721,balance
7722,balance
7723,balance
7724,deficit
7725,deficit
7726,deficit
7727,deficit
7800,balance
7801,balance
7802,balance
7803,balance
7804,balance
7805,balance
7806,balance
7807,balance
7808,balance
7809,balance
7810,balance
7811,deficit
7812,deficit
7813,deficit
7814,deficit
7815,balance
7816,balance
7817,surplus
7818,balance
7819,balance
7820,balance
7821,balance
7822,balance
7823,balance
7824,balance
7825,balance
7826,balance
7827,balance
7828,balance
7829,balance
7830,balance
7831,balance
7832,balance
7833,balance
7834,balance
7835,balance
7836,balance
7837,balance
7838,balance
7839,surplus
7840,balance
7841,balance
7842,balance
7843,balance
7844,balance
7845,balance
7846,balance
7847,balance
7848,balance
7849,balance
7850,deficit
7851,surplus
7852,deficit
7924,balance
7925,balance
7926,balance
7927,balance
7928,balance
7929,balance
7930,balance
7931,balance
7932,balance
7933,balance
7934,surplus
7935,deficit
7936,surplus
7937,balance
7938,balance
7939,deficit
7940,deficit
7941,balance
7942,balance
7943,balance
7944,balance
7945,balance
7946,balance
7947,balance
7948,balance
7949,balance
7950,balance
7951,balance
7952,balance
7953,balance
7954,balance
7955,balance
7956,balance
7957,balance
7958,balance
7959,balance
7960,balance
7961,balance
7962,balance
7963,balance
7964,balance
7965,balance
7966,balance
7967,balance
7968,balance
7969,balance
7970,balance
7971,balance
7972,balance
7973,balance
7974,balance
8048,balance
8049,balance
8050,balance
8051,balance
8052,balance
8053,balance
8054,balance
8055,balance
8056,balance
8057,balance
8058,deficit
8059,deficit
8060,deficit
8061,balance
8062,balance
8063,balance
8064,deficit
8065,deficit
8066,surplus
8067,balance
8068,balance
8069,balance
8070,balance
8071,balance
8072,balance
8073,surplus
8074,balance
8075,balance
8076,balance
8077,balance
8078,balance
8079,balance
8080,balance
8081,balance
8082,balance
8083,balance
8084,balance
8085,balance
8086,balance
8087,balance
8088,balance
8089,balance
8090,balance
8091,balance
8092,balance
8093,balance
8094,balance
8095,balance
8096,balance
8097,balance
8098,balance
8099,balance
8100,balance
8173,balance
8174,balance
8175,balance
8176,balance
8177,balance
8178,balance
8179,balance
8180,balance
8181,surplus
8182,deficit
8183,deficit
8184,deficit
8185,deficit
8186,deficit
8187,balance
8188,balance
8189,balance
8190,deficit
8191,deficit
8192,balance
8193,balance
8194,balance
8195,balance
8196,balance
8197,balance
8198,balance
8199,balance
8200,balance
8201,balance
8202,balance
8203,balance
8204,balance
8205,balance
8206,balance
8207,balance
8208,balance
8209,balance
8210,balance
8211,balance
8212,balance
8213,balance
8214,balance
8215,balance
8216,balance
8217,balance
8218,balance
8219,balance
8220,balance
8221,balance
8222,balance
8223,balance
8224,balance
8225,balance
8226,balance
8298,balance
8299,balance
8300,surplus
8301,balance
8302,balance
8303,balance
8304,balance
8305,balance
8306,surplus
8307,deficit
8308,surplus
8309,surplus
8310,deficit
8311,deficit
8312,balance
8313,balance
8314,deficit
8315,surplus
8316,balance
8317,balance
8318,balance
8319,balance
8320,balance
8321,balance
8322,balance
8323,balance
8324,balance
8325,balance
8326,balance
8327,balance
8328,balance
8329,balance
8330,balance
8331,balance
8332,balance
8333,balance
8334,balance
8335,balance
8336,balance
8337,balance
8338,balance
8339,balance
8340,balance
8341,balance
8342,balance
8343,balance
8344,balance
8345,balance
8346,balance
8347,balance
8348,balance
8349,balance
8350,balance
8351,balance
8352,balance
8422,balance
8423,balance
8424,balance
8425,balance
8426,balance
8427,balance
8428,balance
8429,balance
8430,balance
8431,balance
8432,balance
8433,deficit
8434,deficit
8435,deficit
8436,deficit
8437,deficit
8438,deficit
8439,surplus
8440,balance
8441,surplus
8442,balance
8443,balance
8444,balance
8445,balance
8446,balance
8447,balance
8448,balance
8449,balance
8450,balance
8451,balance
8452,balance
8453,balance
8454,balance
8455,balance
8456,balance
8457,balance
8458,balance
8459,balance
8460,balance
8461,balance
8462,balance
8463,balance
8464,balance
8465,balance
8466,balance
8467,balance
8468,balance
8469,balance
8470,balance
8471,balance
8472,balance
8473,balance
8474,balance
8475,balance
8476,balance
8477,balance
8547,balance
8548,balance
8549,balance
8550,balance
8551,balance
8552,balance
8553,surplus
8554,balance
8555,balance
8556,balance
8557,balance
8558,surplus
8559,balance
8560,balance
8561,deficit
8562,deficit
8563,deficit
8564,balance
8565,balance
8566,surplus
8567,balance
8568,balance
8569,balance
8570,balance
8571,balance
8572,balance
8573,surplus
8574,balance
8575,balance
8576,balance
8577,balance
8578,balance
8579,balance
8580,balance
8581,balance
8582,balance
8583,balance
8584,balance
8585,balance
8586,balance
8587,balance
8588,balance
8589,balance
8590,balance
8591,balance
8592,balance
8593,balance
8594,balance
8595,balance
8596,balance
8597,balance
8598,balance
8599,balance
8600,balance
8601,balance
8602,balance
8671,balance
8672,balance
8673,balance
8674,balance
8675,balance
8676,balance
8677,balance
8678,balance
8679,balance
8680,balance
8681,balance
8682,balance
8683,balance
8684,balance
8685,balance
8686,surplus
8687,balance
8688,balance
8689,balance
8690,balance
8691,balance
8692,balance
8693,balance
8694,balance
8695,balance
8696,balance
8697,balance
8698,balance
8699,balance
8700,balance
8701,balance
8702,balance
8703,balance
8704,balance
8705,balance
8706,balance
8707,balance
8708,balance
8709,balance
8710,balance
8711,balance
8712,balance
8713,balance
8714,balance
8715,balance
8716,balance
8717,balance
8718,balance
8719,balance
8720,balance
8721,surplus
8722,balance
8723,balance
8724,balance
8725,balance
8726,balance
8796,balance
8797,balance
8798,balance
8799,balance
8800,balance
8801,balance
8802,balance
8803,balance
8804,balance
8805,balance
8806,balance
8807,balance
8808,balance
8809,balance
8810,balance
8811,balance
8812,balance
8813,balance
8814,balance
8815,surplus
8816,balance
8817,balance
8818,balance
8819,balance
8820,surplus
8821,balance
8822,balance
8823,balance
8824,balance
8825,balance
8826,balance
8827,balance
8828,balance
8829,balance
8830,balance
8831,balance
8832,balance
8833,balance
8834,balance
8835,balance
8836,balance
8837,balance
8838,balance
8839,balance
8840,balance
8841,balance
8842,balance
8843,balance
8844,balance
8845,balance
8846,balance
8847,balance
8848,balance
8849,balance
8850,balance
8851,balance
8921,balance
8922,balance
8923,balance
8924,balance
8925,deficit
8926,deficit
8927,balance
8928,balance
8929,balance
8930,balance
8931,balance
8932,balance
8933,balance
8934,balance
8935,balance
8936,balance
8937,balance
8938,balance
8939,balance
8940,balance
8941,balance
8942,balance
8943,balance
8944,balance
8945,balance
8946,surplus
8947,balance
8948,balance
8949,balance
8950,balance
8951,balance
8952,balance
8953,balance
8954,balance
8955,balance
8956,balance
8957,balance
8958,balance
8959,balance
8960,balance
8961,balance
8962,balance
8963,balance
8964,balance
8965,balance
8966,balance
8967,balance
8968,balance
8969,balance
8970,balance
8971,balance
8972,balance
8973,balance
8974,balance
8975,balance
9047,balance
9048,balance
9049,balance
9050,deficit
9051,deficit
9055,balance
9056,balance
9057,balance
9058,balance
9059,balance
9060,balance
9061,surplus
9062,balance
9063,balance
9064,balance
9065,balance
9066,surplus
9067,balance
9068,balance
9069,balance
9070,balance
9071,balance
9072,balance
9073,balance
9074,balance
9075,balance
9076,balance
9077,balance
9078,balance
9079,balance
9080,balance
9081,balance
9082,balance
9083,balance
9084,balance
9085,balance
9086,balance
9087,balance
9088,balance
9089,balance
9090,balance
9091,balance
9092,balance
9093,balance
9094,balance
9095,balance
9096,balance
9097,balance
9098,balance
9175,balance
9176,balance
9181,balance
9182,balance
9183,balance
9184,balance
9185,balance
9186,balance
9187,balance
9188,balance
9189,balance
9190,balance
9191,balance
9192,balance
9193,balance
9194,balance
9195,balance
9196,balance
9197,balance
9198,balance
9199,surplus
9200,balance
9201,balance
9202,balance
9203,surplus
9204,surplus
9205,balance
9206,balance
9207,balance
9208,balance
9209,balance
9210,balance
9211,balance
9212,balance
9213,balance
9214,balance
9215,balance
9216,balance
9217,balance
9218,balance
9219,balance
9220,balance
9221,balance
9222,balance
9223,balance
9303,balance
9304,balance
9305,balance
9306,balance
9307,balance
9308,balance
9309,balance
9310,balance
9311,surplus
9312,balance
9313,balance
9314,balance
9315,balance
9316,balance
9317,balance
9318,balance
9319,balance
9320,balance
9321,balance
9322,balance
9323,balance
9324,balance
9325,balance
9326,balance
9327,balance
9328,balance
9329,balance
9330,balance
9331,balance
9332,balance
9333,balance
9334,balance
9335,balance
9336,balance
9337,balance
9338,balance
9339,balance
9340,balance
9341,balance
9342,balance
9343,balance
9344,balance
9345,balance
9346,balance
9347,balance
9348,balance
9428,balance
9429,balance
9430,balance
9431,balance
9432,balance
9433,balance
9434,balance
9435,balance
9436,balance
9437,balance
9438,balance
9439,balance
9440,balance
9441,surplus
9442,balance
9443,balance
9444,balance
9445,balance
9446,balance
9447,balance
9448,balance
9449,balance
9450,balance
9451,balance
9452,balance
9453,balance
9454,balance
9455,balance
9456,balance
9457,balance
9458,balance
9459,balance
9460,balance
9461,balance
9462,balance
9463,balance
9464,balance
9465,balance
9466,balance
9467,balance
9468,balance
9469,balance
9470,balance
9471,balance
9472,balance
9473,balance
9554,balance
9555,balance
9556,balance
9557,balance
9558,balance
9559,balance
9560,balance
9561,balance
9562,balance
9563,balance
9564,balance
9565,balance
9566,balance
9567,balance
9568,balance
9569,balance
9570,balance
9571,balance
9572,balance
9573,balance
9574,balance
9575,balance
9576,balance
9577,balance
9578,balance
9579,balance
9580,balance
9581,balance
9582,balance
9585,balance
9586,balance
9587,balance
9588,balance
9589,balance
9590,balance
9591,balance
9592,balance
9593,balance
9594,balance
9595,balance
9596,balance
9597,balance
9598,balance
9680,balance
9681,balance
9682,balance
9683,balance
9684,balance
9685,balance
9686,balance
9687,balance
9688,balance
9689,balance
9690,balance
9691,balance
9692,balance
9693,balance
9694,balance
9695,balance
9696,balance
9697,balance
9698,balance
9699,balance
9700,surplus
9701,balance
9702,surplus
9703,balance
9704,balance
9705,balance
9706,balance
9707,balance
9710,balance
9711,balance
9712,balance
9713,balance
9714,balance
9715,balance
9716,balance
9717,balance
9718,balance
9719,balance
9720,balance
9721,balance
9722,balance
9723,balance
9806,balance
9807,balance
9808,balance
9809,surplus
9810,balance
9811,balance
9812,balance
9813,surplus
9814,balance
9815,balance
9816,balance
9817,surplus
9818,surplus
9819,balance
9820,balance
9821,balance
9822,balance
9823,surplus
9824,surplus
9825,balance
9826,balance
9827,balance
9828,surplus
9829,surplus
9830,balance
9831,balance
9832,balance
9835,balance
9836,balance
9837,balance
9838,balance
9839,balance
9840,balance
9841,balance
9842,balance
9843,balance
9844,balance
9845,balance
9846,balance
9847,balance
9848,balance
9932,balance
9933,balance
9934,balance
9935,balance
9936,surplus
9937,balance
9938,balance
9939,balance
9940,balance
9941,balance
9942,balance
9943,balance
9944,balance
9945,balance
9946,balance
9947,balance
9948,balance
9949,balance
9950,balance
9951,balance
9952,balance
9953,balance
9954,balance
9955,balance
9956,balance
9957,balance
9959,balance
9960,balance
9961,balance
9962,balance
9963,balance
9964,balance
9965,balance
9966,balance
9967,balance
9968,balance
9969,balance
9970,balance
9971,balance
9972,balance
10057,balance
10058,balance
10059,balance
10060,balance
10061,balance
10062,balance
10063,balance
10064,balance
10065,balance
10066,balance
10067,balance
10068,balance
10069,balance
10070,balance
10071,balance
10072,balance
10073,balance
10074,balance
10075,balance
10076,balance
10077,balance
10078,surplus
10079,balance
10080,balance
10081,balance
10085,balance
10086,balance
10087,balance
10088,balance
10089,balance
10090,balance
10091,balance
10092,balance
10093,balance
10094,balance
10095,balance
10096,balance
10183,balance
10184,balance
10185,balance
10186,balance
10187,balance
10188,balance
10189,balance
10190,balance
10191,balance
10192,balance
10193,balance
10194,balance
10195,balance
10196,balance
10197,balance
10198,balance
10199,balance
10200,balance
10201,balance
10202,balance
10203,balance
10204,balance
10205,balance
10213,balance
10214,balance
10215,balance
10216,balance
10217,balance
10218,balance
10219,balance
10309,balance
10310,balance
10311,balance
10312,balance
10313,balance
10314,balance
10315,balance
10316,balance
10317,balance
10318,surplus
10319,balance
10320,balance
10321,balance
10322,balance
10323,balance
10324,balance
10325,balance
10326,balance
10327,balance
10328,balance
10329,balance
10330,balance
10339,balance
10340,balance
10341,balance
10342,balance
10343,balance
10344,balance
10434,balance
10435,balance
10436,surplus
10437,balance
10438,balance
10439,balance
10440,balance
10441,balance
10442,balance
10443,balance
10444,balance
10445,balance
10446,balance
10447,balance
10448,balance
10449,balance
10450,surplus
10451,balance
10452,balance
10453,balance
10454,balance
10455,balance
10465,balance
10466,balance
10467,balance
10468,balance
10559,balance
10560,balance
10561,balance
10562,balance
10563,balance
10564,balance
10565,balance
10566,balance
10567,balance
10568,balance
10569,balance
10570,balance
10571,balance
10572,balance
10573,balance
10574,balance
10575,surplus
10576,balance
10577,balance
10578,balance
10579,balance
10580,balance
10685,balance
10686,balance
10687,balance
10688,balance
10689,balance
10690,balance
10691,balance
10692,balance
10693,balance
10694,balance
10695,balance
10696,balance
10697,balance
10698,balance
10699,balance
10700,balance
10701,balance
10702,balance
10703,balance
10704,balance
10810,balance
10811,balance
10812,balance
10813,balance
10814,balance
10815,balance
10816,balance
10817,balance
10818,balance
10819,balance
10820,balance
10821,balance
10822,balance
10823,balance
10824,balance
10825,balance
10826,balance
10827,balance
10828,balance
10829,balance
10830,balance
10936,balance
10937,balance
10938,balance
10939,balance
10940,surplus
10941,balance
10942,balance
10943,balance
10944,balance
10945,surplus
10946,balance
10947,surplus
10948,balance
10949,balance
10950,balance
10951,balance
10952,balance
10953,balance
10954,balance
10955,balance
11058,balance
11059,balance
11060,balance
11061,balance
11062,balance
11063,surplus
11064,surplus
11065,balance
11066,balance
11067,balance
11068,balance
11069,balance
11070,balance
11071,balance
11072,balance
11073,balance
11074,balance
11075,balance
11076,balance
11077,balance
11078,balance
11079,balance
11080,balance
11081,balance
11183,balance
11184,balance
11185,balance
11186,balance
11187,balance
11188,balance
11189,surplus
11190,balance
11191,balance
11192,balance
11193,balance
11194,surplus
11195,balance
11196,balance
11197,balance
11198,balance
11199,balance
11204,balance
11205,balance
11299,balance
11300,balance
11301,balance
11302,balance
11307,balance
11308,balance
11309,balance
11310,balance
11311,balance
11312,balance
11313,balance
11314,balance
11315,balance
11316,balance
11317,balance
11318,balance
11319,balance
11320,balance
11321,balance
11322,balance
11323,surplus
11324,balance
11424,balance
11425,balance
11426,balance
11427,balance
11431,balance
11432,balance
11433,balance
11434,balance
11435,balance
11436,balance
11437,balance
11438,balance
11439,balance
11440,surplus
11441,balance
11442,balance
11443,balance
11444,balance
11445,balance
11446,balance
11447,balance
11448,balance
11549,balance
11550,balance
11551,balance
11555,balance
11556,balance
11557,balance
11558,balance
11559,balance
11560,balance
11561,balance
11562,balance
11563,balance
11564,balance
11565,balance
11566,balance
11567,balance
11568,balance
11569,balance
11570,balance
11571,balance
11572,balance
11573,balance
11574,balance
11674,balance
11675,balance
11676,balance
11677,balance
11678,balance
11679,balance
11680,balance
11681,balance
11682,balance
11683,balance
11684,balance
11685,balance
11686,surplus
11687,balance
11688,balance
11689,balance
11690,balance
11691,balance
11692,balance
11693,balance
11694,balance
11695,balance
11696,balance
11697,balance
11698,balance
11699,balance
11799,balance
11800,balance
11801,balance
11802,balance
11803,balance
11804,balance
11805,balance
11806,balance
11807,balance
11808,balance
11809,balance
11810,balance
11811,balance
11812,balance
11813,balance
11814,balance
11815,balance
11816,balance
11817,balance
11818,balance
11819,surplus
11820,balance
11821,balance
11822,balance
11823,balance
11824,balance
11825,balance
11924,balance
11925,balance
11926,balance
11927,balance
11928,balance
11929,balance
11930,balance
11931,balance
11932,balance
11933,balance
11934,balance
11935,balance
11936,balance
11937,balance
11938,balance
11939,balance
11940,balance
11941,balance
11942,balance
11943,balance
11944,balance
11945,balance
11946,balance
11947,balance
11948,balance
11949,balance
11950,balance
12050,balance
12051,balance
12052,balance
12053,balance
12054,balance
12055,balance
12056,balance
12057,balance
12058,balance
12059,balance
12060,balance
12061,balance
12062,balance
12063,balance
12064,balance
12065,balance
12066,balance
12067,surplus
12068,balance
12069,balance
12070,balance
12071,balance
12072,balance
12073,balance
12074,balance
12075,balance
12175,balance
12176,balance
12177,balance
12178,balance
12179,balance
12180,balance
12181,balance
12182,balance
12183,balance
12184,balance
12185,balance
12186,balance
12187,balance
12188,balance
12189,balance
12190,balance
12191,balance
12192,balance
12193,surplus
12194,balance
12195,balance
12196,balance
12197,surplus
12198,balance
12199,balance
12300,balance
12301,balance
12302,balance
12303,balance
12304,balance
12305,balance
12306,balance
12307,balance
12308,balance
12309,balance
12310,balance
12311,balance
12312,balance
12313,balance
12314,surplus
12315,balance
12316,surplus
12317,balance
12318,balance
12319,balance
12320,balance
12321,balance
12322,balance
12323,balance
12324,balance
12426,balance
12427,balance
12428,balance
12429,balance
12430,balance
12431,balance
12432,balance
12433,balance
12434,balance
12435,balance
12436,balance
12437,balance
12438,balance
12439,balance
12440,balance
12441,balance
12442,balance
12443,balance
12444,balance
12445,balance
12446,balance
12447,balance
12448,balance
12449,balance
12551,balance
12552,balance
12553,balance
12554,balance
12555,balance
12556,balance
12557,balance
12558,balance
12559,balance
12560,balance
12561,balance
12562,surplus
12563,balance
12564,balance
12565,surplus
12566,balance
12567,balance
12568,balance
12569,balance
12570,balance
12571,balance
12572,balance
12574,balance
12676,balance
12677,balance
12678,balance
12679,balance
12680,balance
12681,balance
12682,balance
12683,balance
12684,surplus
12685,balance
12686,surplus
12687,balance
12688,balance
12689,balance
12690,balance
12691,balance
12692,balance
12693,balance
12694,balance
12695,balance
12696,balance
12697,balance
12802,balance
12803,balance
12804,balance
12805,balance
12806,balance
12807,balance
12808,balance
12809,balance
12810,balance
12811,balance
12812,balance
12813,balance
12814,balance
12815,balance
12816,balance
12817,balance
12818,balance
12821,balance
12822,balance
12929,balance
12930,balance
12931,balance
12932,balance
12933,balance
12934,balance
12935,balance
12936,balance
12937,balance
12938,balance
12939,balance
12940,balance
12941,balance
12942,balance
13055,balance
13056,balance
13057,balance
13058,balance
13059,balance
13060,balance
13061,balance
13062,balance
13063,balance
13064,balance
13065,balance
13066,balance
13067,balance
13180,balance
13181,balance
13182,balance
13183,balance
13184,balance
13185,balance
13186,balance
13187,balance
13188,balance
13189,balance
13190,balance
13191,balance
13192,balance
13306,balance
13307,balance
13308,balance
13309,balance
13310,balance
13311,balance
13312,balance
13313,balance
13431,balance
13432,balance
13433,surplus
13434,balance
13435,balance
13436,balance
13437,balance
13438,balance
13556,balance
13557,balance
13558,balance
13559,balance
13560,balance
13561,balance
13562,balance
13682,balance
13683,balance
13684,balance
13685,balance
13686,balance
13687,balance
13806,balance
13807,balance
13808,balance
13809,balance
13810,surplus
13811,balance
13812,balance
13813,balance
13929,balance
13930,balance
13931,balance
13932,balance
13933,balance
13934,balance
13935,balance
13936,balance
13937,balance
13938,balance
13939,balance
14054,balance
14055,balance
14056,balance
14057,balance
14058,balance
14059,balance
14060,balance
14061,balance
14062,balance
14063,balance
14064,balance
14065,balance
14179,balance
14180,balance
14181,balance
14182,balance
14183,balance
14184,balance
14185,balance
14186,balance
14187,balance
14188,balance
14189,balance
14190,balance
14304,balance
14305,balance
14306,balance
14307,balance
14308,surplus
14309,balance
14310,balance
14311,balance
14312,balance
14313,balance
14314,balance
14315,balance
14429,balance
14430,balance
14431,balance
14432,balance
14433,balance
14434,balance
14435,balance
14436,balance
14438,balance
14439,balance
14557,balance
14558,balance
14559,balance
